<?xml version="1.0" encoding="UTF-16"?>
<Task version="1.4" xmlns="http://schemas.microsoft.com/windows/2004/02/mit/task">
  <RegistrationInfo>
    <Date>2017-10-24T10:18:22.7620613</Date>
    <Author>Digacore Technology Consulting</Author>
    <Description>Emar Backup Kill Task</Description>
    <URI>\Emar Backup Kill Task</URI>
  </RegistrationInfo>
  <Triggers>
    <EventTrigger>
      <Enabled>true</Enabled>
      <Subscription>&lt;QueryList&gt;&lt;Query Id="0" Path="Microsoft-Windows-TaskScheduler/Operational"&gt;&lt;Select Path="Microsoft-Windows-TaskScheduler/Operational"&gt;*[System[(Level=3)]]&lt;/Select&gt;&lt;/Query&gt;&lt;/QueryList&gt;</Subscription>
    </EventTrigger>
  </Triggers>
  <Principals>
    <Principal id="Author">
      <UserId>S-1-5-21-290349146-1031380299-3377138615-500</UserId>
      <LogonType>InteractiveToken</LogonType>
      <RunLevel>HighestAvailable</RunLevel>
    </Principal>
  </Principals>
  <Settings>
    <MultipleInstancesPolicy>IgnoreNew</MultipleInstancesPolicy>
    <DisallowStartIfOnBatteries>true</DisallowStartIfOnBatteries>
    <StopIfGoingOnBatteries>false</StopIfGoingOnBatteries>
    <AllowHardTerminate>true</AllowHardTerminate>
    <StartWhenAvailable>false</StartWhenAvailable>
    <RunOnlyIfNetworkAvailable>false</RunOnlyIfNetworkAvailable>
    <IdleSettings>
      <StopOnIdleEnd>true</StopOnIdleEnd>
      <RestartOnIdle>false</RestartOnIdle>
    </IdleSettings>
    <AllowStartOnDemand>true</AllowStartOnDemand>
    <Enabled>true</Enabled>
    <Hidden>false</Hidden>
    <RunOnlyIfIdle>false</RunOnlyIfIdle>
    <DisallowStartOnRemoteAppSession>false</DisallowStartOnRemoteAppSession>
    <UseUnifiedSchedulingEngine>true</UseUnifiedSchedulingEngine>
    <WakeToRun>false</WakeToRun>
    <ExecutionTimeLimit>PT3M</ExecutionTimeLimit>
    <Priority>7</Priority>
  </Settings>
  <Actions Context="Author">
    <Exec>
      <Command>C:\Emarbackup\taskkill_pstftp.bat</Command>
      <WorkingDirectory>C:\emarbackup\</WorkingDirectory>
    </Exec>
  </Actions>
</Task>